"นักวิจัย","คณะ","ภาควิชา","Scopus ID","Scopus URL","ORCID","Documents","Citations","Cited Docs","h-index"
"กันยารัตน์ สอนสุภาพ","คณะศึกษาศาสตร์","ภาควิชาหลักสูตรและการสอน","58676363900","https://www.scopus.com/authid/detail.uri?authorId=58676363900","","8","44","43","4"

"Title","Year","Type","Source Title","Volume","Issue","Pages","Authors","Citations","DOI","Scopus URL","EID"
"Exploring Pre-Service Teachers’ Self-Efficacy: The Impact of Community of Practice and Lesson Study","2025","Journal","Education Sciences","15","10","","Sonsupap K., Cojorn K., Choompunuch B., Intakanok C., Seesom C.","0","10.3390/educsci15101357","https://www.scopus.com/inward/record.uri?partnerID=HzOxMe3b&scp=105020055515&origin=inward","2-s2.0-105020055515"
"Exploring the interplay between students' scientific competence and teaching instructors' TPACK: A comprehensive analysis","2025","Journal","International Journal of Innovative Research and Scientific Studies","8","1","pp. 239–247","Sonsupap K., Cojorn K., Sitti S.","0","10.53894/ijirss.v8i1.3750","https://www.scopus.com/inward/record.uri?partnerID=HzOxMe3b&scp=85209874016&origin=inward","2-s2.0-85209874016"
"Bridging knowledge and community: Innovative community-based learning to strengthen mathematic pre-service teachers’ problem-solving competency","2025","Journal","Eurasia Journal of Mathematics Science and Technology Education","21","10","","Dankunprasert S., Cojorn K., Sonsupap K., Choompunuch B., Ranmechai S., Nonsuwan A., Tongron Y.","0","10.29333/ejmste/17179","https://www.scopus.com/inward/record.uri?partnerID=HzOxMe3b&scp=105017459907&origin=inward","2-s2.0-105017459907"
"Examining science teachers' TPACK impact on students' post-pandemic thinking skills","2024","Journal","International Journal of Advanced and Applied Sciences","11","5","pp. 44–54","Cojorn K., Sonsupap K.","2","10.21833/ijaas.2024.05.005","https://www.scopus.com/inward/record.uri?partnerID=HzOxMe3b&scp=85196891150&origin=inward","2-s2.0-85196891150"
"A collaborative professional development and its impact on teachers' ability to foster higher order thinking","2024","Journal","Journal of Education and Learning","18","2","pp. 561–569","Sonsupap K., Cojorn K.","8","10.11591/edulearn.v18i2.21182","https://www.scopus.com/inward/record.uri?partnerID=HzOxMe3b&scp=85190153299&origin=inward","2-s2.0-85190153299"
"Revision and Multiple Validity Verification of Self-Presentation Skills Assessment for Middle School Students","2024","Journal","International Journal of Language Education","8","2","pp. 359–369","Tong W., Saihong P., Sonsupap K.","0","10.26858/ijole.v8i2.64996","https://www.scopus.com/inward/record.uri?partnerID=HzOxMe3b&scp=85200566288&origin=inward","2-s2.0-85200566288"
"Understanding the Dynamics of Materials Adaptation in An English-Chinese Bilingual Storytelling Curriculum for First Graders","2024","Journal","International Journal of Language Education","8","1","pp. 64–82","Wang R., Saihong P., Sonsupap K.","4","10.26858/ijole.v8i1.60909","https://www.scopus.com/inward/record.uri?partnerID=HzOxMe3b&scp=85190421007&origin=inward","2-s2.0-85190421007"
"An Activity for Building Teaching Potential Designed on Community of Practice Cooperated with Lesson Study","2023","Journal","Journal of Curriculum and Teaching","12","4","pp. 62–70","Cojorn K., Sonsupap K.","5","10.5430/JCT.V12N4P62","https://www.scopus.com/inward/record.uri?partnerID=HzOxMe3b&scp=85175423693&origin=inward","2-s2.0-85175423693"