"นักวิจัย","คณะ","ภาควิชา","ช่วงเวลา"
"ทั้งหมดตามตัวกรอง","คณะศึกษาศาสตร์","- เลือกทุกภาควิชา -","ทั้งหมด"

"No.","Firstname (EN)","Lastname (EN)","ชื่อ-สกุล (TH)","ภาควิชา","Documents","Citations","h-index","Scopus ID","Scopus URL","Last Scopus Fetch"
"1","Prasart ","Nuangchalerm","ประสาท เนืองเฉลิม","ภาควิชาหลักสูตรและการสอน","66","424","14","35099135800","https://www.scopus.com/authid/detail.uri?authorId=35099135800","2026-08-31 02:42:24"
"2","JIRAPORN","CHANO","จิระพร ชะโน","ภาควิชาหลักสูตรและการสอน","46","194","7","54585017800","https://www.scopus.com/authid/detail.uri?authorId=54585017800","2026-08-31 02:43:16"
"3","Bovornpot ","Choompunuch","บวรพจน์ ชมภูนุช","ภาควิชาจิตวิทยาการศึกษาและการแนะแนว","24","198","10","57214443144","https://www.scopus.com/authid/detail.uri?authorId=57214443144","2026-08-31 02:42:53"
"4","APANTEE ","POONPUTRA","อพันตรี พูลพุทธา","ภาควิชาวิจัยและพัฒนาการศึกษา","21","16","2","57919367400","https://www.scopus.com/authid/detail.uri?authorId=57919367400","2026-08-31 02:44:28"
"5","CHOWWALIT ","CHOOKHAMPAENG","ชวลิต ชูกำแพง","ภาควิชาหลักสูตรและการสอน","20","26","3","36674560300","https://www.scopus.com/authid/detail.uri?authorId=36674560300","2026-08-31 02:42:35"
"6","Chamnan ","Chinnasee","ชำนาญ ชินสีห์","ภาควิชาวิทยาศาสตร์สุขภาพและการกีฬา","18","124","6","57192270508","https://www.scopus.com/authid/detail.uri?authorId=57192270508","2026-08-31 02:51:52"
"7","AUTTHAPON ","INTHASENA","อัฐพล อินต๊ะเสนา","ภาควิชาหลักสูตรและการสอน","15","11","3","57920576600","https://www.scopus.com/authid/detail.uri?authorId=57920576600","2026-08-31 02:45:12"
"8","KANYARAT ","COJORN","กัญญารัตน์ โคจร","ภาควิชาหลักสูตรและการสอน","12","15","4","58676173800","https://www.scopus.com/authid/detail.uri?authorId=58676173800","2026-08-31 02:47:52"
"9","CHAIRAT"," CHOOSAKUL","ชัยรัตน์ ชูสกุล","ภาควิชาวิทยาศาสตร์สุขภาพและการกีฬา","10","73","5","32367577300","https://www.scopus.com/authid/detail.uri?authorId=32367577300","2026-08-31 02:43:38"
"10","KHANITIN","JORNKOKGOUD","คณิติน จรโคกกรวด","ภาควิชาจิตวิทยาการศึกษาและการแนะแนว","10","61","4","58521840500","https://www.scopus.com/authid/detail.uri?authorId=58521840500","2026-08-31 04:06:28"
"11","Montree ","Wongsaphan","มนตรี วงษ์สะพาน","ภาควิชาหลักสูตรและการสอน","10","45","3","36631182400","https://www.scopus.com/authid/detail.uri?authorId=36631182400","2026-08-31 02:44:50"
"12","Wittaya"," Worapun","วิทยา วรพันธุ์","ภาควิชาหลักสูตรและการสอน","9","8","3","58643441800","https://www.scopus.com/authid/detail.uri?authorId=58643441800","2026-08-31 02:48:03"
"13","Veena ","Prachagool","วีณา ประชากูล","ภาควิชาหลักสูตรและการสอน","8","63","5","55354066400","https://www.scopus.com/authid/detail.uri?authorId=55354066400","2026-08-31 02:43:27"
"14","KANYARAT ","SONSUPAP","กันยารัตน์ สอนสุภาพ","ภาควิชาหลักสูตรและการสอน","8","19","4","58676363900","https://www.scopus.com/authid/detail.uri?authorId=58676363900","2026-08-31 02:47:13"
"15","PHAMORNPUN ","YURAYAT","ภมรพรรณ์ ยุระยาตร์","ภาควิชาจิตวิทยาการศึกษาและการแนะแนว","7","10","2","58175451400","https://www.scopus.com/authid/detail.uri?authorId=58175451400","2026-08-31 02:50:47"
"16","WANNAPORN ","SUMRANPAT BRADY","วรรณพร สำราญพัฒน์ เบรดี","ภาควิชาวิทยาศาสตร์สุขภาพและการกีฬา","7","8","3","57224477013","https://www.scopus.com/authid/detail.uri?authorId=57224477013","2026-08-31 02:44:39"
"17","Araya ","Piyakun","อารยา ปิยะกุล","ภาควิชาจิตวิทยาการศึกษาและการแนะแนว","6","7","3","57201434084","https://www.scopus.com/authid/detail.uri?authorId=57201434084","2026-08-31 02:44:00"
"18","WIPANEE SUK - ERB","","วิภาณี สุขเอิบ","ภาควิชาจิตวิทยาการศึกษาและการแนะแนว","6","1","2","57884874000","https://www.scopus.com/authid/detail.uri?authorId=57884874000","2026-08-31 02:51:14"
"19","Yada","Thadanatthaphak","ญดา ธาดาณัฐภักดิ์","ภาควิชาวิทยาศาสตร์สุขภาพและการกีฬา","5","33","2","59422290800","https://www.scopus.com/authid/detail.uri?authorId=59422290800","2026-08-31 02:50:08"
"20","RUNGSON ","CHOMEYA","รังสรรค์ โฉมยา","ภาควิชาจิตวิทยาการศึกษาและการแนะแนว","5","3","1","56674691400","https://www.scopus.com/authid/detail.uri?authorId=56674691400","2026-08-31 02:43:49"
"21","SAWITREE","RANMECHAI","สาวิตรี ราญมีชัย","ภาควิชาวิจัยและพัฒนาการศึกษา","5","1","1","57142531300","https://www.scopus.com/authid/detail.uri?authorId=57142531300","2026-08-31 02:45:34"
"22","Prasong"," Saihong","ประสงค์ สายหงษ์","ภาควิชาหลักสูตรและการสอน","4","21","2","36761592300","https://www.scopus.com/authid/detail.uri?authorId=36761592300","2026-08-31 02:45:01"
"23","SONGSAK ","PHUSEE-ORN","ทรงศักดิ์ ภูสีอ่อน","ภาควิชาวิจัยและพัฒนาการศึกษา","4","1","1","35995809200","https://www.scopus.com/authid/detail.uri?authorId=35995809200","2026-08-31 02:44:11"
"24","PACHARAWIT ","CHANSIRISIRA","พชรวิทย์ จันทร์ศิริสิร","ภาควิชาการบริหารการศึกษา","4","1","1","55553785900","https://www.scopus.com/authid/detail.uri?authorId=55553785900","2026-08-31 02:46:18"
"25","DUSSADEE ","LEBKHAO","พต.หญิง ดร.ดุษฎี เล็บขาว","ภาควิชาจิตวิทยาการศึกษาและการแนะแนว","4","1","2","57884621700","https://www.scopus.com/authid/detail.uri?authorId=57884621700","2026-08-31 02:51:42"
"26","TITIWORADA"," POLYIEM","ฐิติวรดา พลเยี่ยม","ภาควิชาหลักสูตรและการสอน","3","16","2","53985007700","https://www.scopus.com/authid/detail.uri?authorId=53985007700","2026-08-31 02:45:23"
"27","NUTTHIDA ","TACHAIYAPHUM","ณัฐธิดา ตาชัยภูมิ","ภาควิชาหลักสูตรและการสอน","3","3","2","57884494800","https://www.scopus.com/authid/detail.uri?authorId=57884494800","2026-08-31 02:48:14"
"28","THAPANEE ","SEECHALIAO","ฐาปนี สีเฉลียว","ภาควิชาเทคโนโลยีและสื่อสารการศึกษา","3","2","1","54585921300","https://www.scopus.com/authid/detail.uri?authorId=54585921300","2026-08-31 02:45:45"
"29","NAPATSAWAN ","THANAPHONGANAN","ณภัสวรรณ ธนาพงษ์อนันท์","ภาควิชาวิทยาศาสตร์สุขภาพและการกีฬา","3","1","1","57164833800","https://www.scopus.com/authid/detail.uri?authorId=57164833800","2026-08-31 02:47:02"
"30","PRASERT ","RUANNAKRN","ประเสริฐ เรือนนะการ","ภาควิชาวิจัยและพัฒนาการศึกษา","3","0","1","58968802800","https://www.scopus.com/authid/detail.uri?authorId=58968802800","2026-08-31 02:48:57"
"31","SUWAT JULSUWAN","","สุวัฒน์ จุลสุวรรณ์","ภาควิชาการบริหารการศึกษา","2","4","1","46161322600","https://www.scopus.com/authid/detail.uri?authorId=46161322600","2026-08-31 02:46:39"
"32","YANNAPAT","SEEHAMONGKON","ญาณภัทร สีหะมงคล","ภาควิชาวิจัยและพัฒนาการศึกษา","2","1","1","59980567200","https://www.scopus.com/authid/detail.uri?authorId=59980567200","2026-08-31 02:49:08"
"33","THARINTHORN ","NAMWAN","ธรินธร นามวรรณ","ภาควิชาการบริหารการศึกษา","2","1","1","57216756490","https://www.scopus.com/authid/detail.uri?authorId=57216756490","2026-08-31 02:46:29"
"34","SINTHAWA","KHAMDIT","สินธะวา คามดิษฐ์","ภาควิชาหลักสูตรและการสอน","2","1","1","58643441700","https://www.scopus.com/authid/detail.uri?authorId=58643441700","2026-08-31 02:48:25"
"35","MANIT"," ASANOK","มานิตย์ อาษานอก","ภาควิชาเทคโนโลยีและสื่อสารการศึกษา","2","0","0","57433230700","https://www.scopus.com/authid/detail.uri?authorId=57433230700","2026-08-31 02:46:51"
"36","WARAPORN","ERAWAN","วราพร เอราวรรณ์","ภาควิชาวิจัยและพัฒนาการศึกษา","2","0","1","60498154800","https://www.scopus.com/authid/detail.uri?authorId=60498154800","2026-08-31 02:49:19"
"37","SURACHET","NOIRID","สุรเชต น้อยฤทธิ์","ภาควิชาการบริหารการศึกษา","2","0","0","59552259000","https://www.scopus.com/authid/detail.uri?authorId=59552259000","2026-08-31 02:48:36"
"38","AREERAT","NONSUWAN","อารีย์รัตน์ โนนสุวรรณ","ภาควิชาหลักสูตรและการสอน","2","0","1","60120324200","https://www.scopus.com/authid/detail.uri?authorId=60120324200","2026-08-31 02:47:35"
"39","TATSIRIN","SAWANGBOON","ทัศน์ศิรินทร์ สว่างบุญ","ภาควิชาวิจัยและพัฒนาการศึกษา","1","22","1","60369919100","https://www.scopus.com/authid/detail.uri?authorId=60369919100","2026-08-31 02:49:35"
"40","SUPACHAI ","TUKLANG","ศุภชัย ตู้กลาง","ภาควิชาจิตวิทยาการศึกษาและการแนะแนว","1","7","1","58175926200","https://www.scopus.com/authid/detail.uri?authorId=58175926200","2026-08-31 02:50:57"
"41","THATCHAI ","CHITTRANUN","ธัชชัย จิตรนันท์","ภาควิชาการบริหารการศึกษา","1","6","1","58668574500","https://www.scopus.com/authid/detail.uri?authorId=58668574500","2026-08-31 02:48:46"
"42","THOOPTONG ","KWANGSAWAD","ธูปทอง กว้างสวาสดิ์","ภาควิชาหลักสูตรและการสอน","1","4","1","57224485836","https://www.scopus.com/authid/detail.uri?authorId=57224485836","2026-08-31 02:45:56"
"43","GUNNIGA"," PHANSRI","กรรณิกา พันธ์ศรี","ภาควิชาจิตวิทยาการศึกษาและการแนะแนว","1","3","1","57761480900","https://www.scopus.com/authid/detail.uri?authorId=57761480900","2026-08-31 02:51:25"
"44","ANURAKPAPOP ","MEETON","อนุรักษ์ปภพ มีตน","ภาควิชาวิทยาศาสตร์สุขภาพและการกีฬา","1","2","1","58283699100","https://www.scopus.com/authid/detail.uri?authorId=58283699100","2026-08-31 02:50:19"
"45","ARCHRAWADEE ","SRIJAROON","อัจฉราวดี ศรีจรูญ","ภาควิชาวิทยาศาสตร์สุขภาพและการกีฬา","1","2","1","57940312700","https://www.scopus.com/authid/detail.uri?authorId=57940312700","2026-08-31 02:50:30"
"46","Wilasinee","Fondee","วิลาสินี ฝนดี","ภาควิชาจิตวิทยาการศึกษาและการแนะแนว","1","1","1","59656097000","https://www.scopus.com/authid/detail.uri?authorId=59656097000","2026-08-31 02:52:03"
"47","MANWIKA","KITTIPRON","มาณวิกา กิตติพร","ภาควิชาเทคโนโลยีและสื่อสารการศึกษา","1","0","0","58024435200","https://www.scopus.com/authid/detail.uri?authorId=58024435200","2026-08-31 02:49:57"
"48","SUDARES","SIRISITTANAPAK","สุดาเรศ ศิริสิทธิ์ธนภาค","ภาควิชาหลักสูตรและการสอน","1","0","0","60428545100","https://www.scopus.com/authid/detail.uri?authorId=60428545100","2026-08-31 02:47:24"
"49","Suttipong","Hoxsuwan","สุทธิพงศ์ หกสุวรรณ","ภาควิชาหลักสูตรและการสอน","1","0","0","57223048908","https://www.scopus.com/authid/detail.uri?authorId=57223048908","2026-08-31 02:46:07"
"50","HEMMIN","THANAPATMEEMANEE","เหมมิญช์ ธนปัทม์มีมณี","ภาควิชาเทคโนโลยีและสื่อสารการศึกษา","1","0","0","60429331400","https://www.scopus.com/authid/detail.uri?authorId=60429331400","2026-08-31 02:49:46"
"51","Hossana Praise ","Santos Calangian","Miss.Hossana Praise Santos Calangian","ภาควิชาหลักสูตรและการสอน","0","0","0","","",""
"52","NAN","INGYIN PHYU","NAN INGYIN PHYU","ภาควิชาหลักสูตรและการสอน","0","0","0","","",""
"53","KOKEIT ","KWUNSAKUL","ก่อเกียรติ ขวัญสกุล","ภาควิชาเทคโนโลยีและสื่อสารการศึกษา","0","0","0","","",""
"54","CHARUWAT","CHANTAWAT","จารุวัฒน์ จันทวัติ","ภาควิชาวิจัยและพัฒนาการศึกษา","0","0","0","","",""
"55","chittra"," chanagul","จิตรา ชนะกุล","ภาควิชาหลักสูตรและการสอน","0","0","0","","",""
"56","Jutatip ","Thumsiriwat","จุฑาทิพย์ ธรรมสิริวัฒน์","ภาควิชาหลักสูตรและการสอน","0","0","0","","",""
"57","Chanat ","Inkanok","ชนัต อินทะกนก","ภาควิชาหลักสูตรและการสอน","0","0","0","","",""
"58","CHIRAWUT ACHARIYACHEEVIN","","ชิระวุฒิ อัจฉริยชีวิน","ภาควิชาวิทยาศาสตร์สุขภาพและการกีฬา","0","0","0","","",""
"59","THANADOL ","PHUSEERIT","ธนดล ภูสีฤทธิ์","ภาควิชาเทคโนโลยีและสื่อสารการศึกษา","0","0","0","","",""
"60","BONGKOTKORN ","SUPAKESORN","บงกชกร ศุภเกษร","ภาควิชาหลักสูตรและการสอน","0","0","0","","",""
"61","Bowornrat","Sriman","บวรรัตน์ ศรีมาน","ภาควิชาเทคโนโลยีและสื่อสารการศึกษา","0","0","0","","",""
"62","PARINDA"," YAWONGSA","ปริญดา ยะวงศา","ภาควิชาหลักสูตรและการสอน","0","0","0","","",""
"63","PIYACHATE","TASING","ปิยเชษฐ์ ตะสิงห์","ภาควิชาวิทยาศาสตร์สุขภาพและการกีฬา","0","0","0","","",""
"64","RATCHANEEWAN ","TANGPUKDEE","รัชนีวรรณ ตั้งภักดี","ภาควิชาเทคโนโลยีและสื่อสารการศึกษา","0","0","0","","",""
"65","RATASA ","LAOHASURAYOTHIN","รัฐสาน์ เลาหสุรโยธิน","ภาควิชาเทคโนโลยีและสื่อสารการศึกษา","0","0","0","","",""
"66","LAKKANA ","SARIWAT","ลักขณา สริวัฒน์","ภาควิชาจิตวิทยาการศึกษาและการแนะแนว","0","0","0","","",""
"67","VANISA ","HAKOON","วรรณิษา หาคูณ","ภาควิชาหลักสูตรและการสอน","0","0","0","","",""
"68","WARANGKANA ","TESANA","วรางคณา เทศนา","ภาควิชาหลักสูตรและการสอน","0","0","0","","",""
"69","WATTHANAPONG ","KHONGSUEBSOR","วัฒนพงษ์ คงสืบเสาะ","ภาควิชาวิทยาศาสตร์สุขภาพและการกีฬา","0","0","0","","",""
"70","SRIKUNYARPHAT ","RANGSRIBORWORNKUL","ศรีกัญภัสสร์ รังษีบวรกุล","ภาควิชาหลักสูตรและการสอน","0","0","0","","",""
"71","Sukarnda ","Dankulprasert","สุกานดา ด่านกุลประเสริฐ","ภาควิชาวิจัยและพัฒนาการศึกษา","0","0","0","","",""
"72","ATTAPOL","THAMMARUNGSEE","อรรถพล ธรรมรังษี","ภาควิชาหลักสูตรและการสอน","0","0","0","","",""
"73","AUTTHAPON","PRAPASANOBOL","อรรถพล ประภาสโนบล","ภาควิชาหลักสูตรและการสอน","0","0","0","","",""
"74","Usa","Kaewkamkong","อุษา แก้วกำกง","ภาควิชาการบริหารการศึกษา","0","0","0","","",""
"75","DACHA ","JANTAKAT","เดชา จันทคัต","ภาควิชาหลักสูตรและการสอน","0","0","0","","",""
"76","Phachoen Kitrakarn","","เผชิญ กิจระการ","ภาควิชาเทคโนโลยีและสื่อสารการศึกษา","0","0","0","","",""
"77","PENPISUT ","MITHARAT","เพ็ญพิสุทธิ์ ไมตระรัตน์","ภาควิชาหลักสูตรและการสอน","0","0","0","","",""
"78","Yaowanuch ","Thanam","เยาวนุช ทานาม","ภาควิชาหลักสูตรและการสอน","0","0","0","","",""